Player,MP,Season
A.C. Green,23.5,2000
A.J. Bramlett,7.6,2000
A.J. Green,22.7,2025
A.J. Guyton,19.1,2001
A.J. Hammons,7.4,2017
A.J. Lawson,18.7,2025
A.J. Price,22.4,2013
AJ Griffin,19.5,2023
AJ Johnson,27.0,2025
Aaron Brooks,35.6,2010
Aaron Gordon,33.8,2019
Aaron Gray,16.6,2012
Aaron Harrison,25.9,2018
Aaron Henry,2.8,2022
Aaron Holiday,24.5,2020
Aaron Jackson,35.0,2018
Aaron McKie,31.5,2001
Aaron Miles,6.2,2006
Aaron Nesmith,27.7,2024
Aaron Wiggins,24.2,2022
Aaron Williams,28.5,2001
Abdel Nader,15.8,2020
Acie Law,15.8,2011
Adam Flagler,7.0,2024
Adam Harrington,12.3,2003
Adam Keefe,12.5,2001
Adam Mokoka,10.2,2020
Adam Morrison,29.8,2007
Adama Sanogo,7.3,2024
Ade Murkey,1.0,2022
Adem Bona,15.6,2025
Admiral Schofield,12.3,2022
Adonal Foyle,25.1,2001
Adonis Thomas,6.5,2014
Adreian Payne,24.8,2015
Adrian Griffin,26.8,2000
Ahmad Caver,1.0,2022
Ajay Mitchell,16.6,2025
Al Harrington,38.6,2005
Al Horford,37.2,2013
Al Jefferson,36.7,2009
Al Thornton,37.4,2009
Al-Farouq Aminu,30.0,2018
Alan Anderson,27.1,2012
Alan Henderson,33.8,2000
Alan Williams,15.1,2017
Alando Tucker,9.4,2009
Alec Burks,33.3,2015
Alec Peters,11.3,2018
Aleem Ford,14.8,2022
Aleksandar RadojeviÄ,10.7,2005
Aleksej Pokusevski,24.2,2021
Alen SmailagiÄ,9.9,2020
Alex Acker,9.9,2009
Alex Caruso,28.7,2024
Alex Ducas,6.0,2025
Alex Fudge,13.0,2024
Alex Garcia,18.3,2005
Alex Kirk,2.8,2015
Alex Len,23.3,2016
Alex Poythress,26.2,2017
Alex Reese,15.3,2025
Alex Sarr,27.1,2025
Alex Scales,0.0,2006
Alex Stepheson,15.3,2016
Alexander Johnson,12.8,2007
Alexey Shved,26.4,2015
Alexis AjinÃ§a,17.0,2014
Alfonzo McKinnie,14.8,2020
Alize Johnson,10.5,2021
Allan Houston,38.6,2000
Allan Ray,15.1,2007
Allen Crabbe,29.3,2018
Allen Iverson,43.7,2002
Allonzo Trier,22.8,2019
Alondes Williams,5.0,2023
Alonzo Gee,31.0,2013
Alonzo Mourning,34.8,2000
Alperen ÅengÃ¼n,32.5,2024
Alton Ford,8.5,2002
Alvin Jones,5.5,2002
Alvin Williams,35.7,2002
Amal McCaskill,10.8,2004
Amar'e Stoudemire,36.8,2004
Amari Bailey,6.5,2024
Amen Thompson,32.2,2025
Amida Brimah,5.8,2021
Amile Jefferson,5.7,2019
Amir Coffey,24.3,2025
Amir Johnson,28.8,2014
Anderson VarejÃ£o,36.0,2013
Andrae Patterson,4.0,2000
Andray Blatche,33.9,2011
Andre Barrett,15.4,2005
Andre Brown,10.3,2009
Andre Dawkins,5.5,2015
Andre Drummond,33.8,2020
Andre Emmett,7.5,2012
Andre Iguodala,40.3,2007
Andre Ingram,32.0,2018
Andre Jackson Jr.,14.6,2025
Andre Miller,37.6,2007
Andre Owens,12.6,2008
Andre Roberson,30.1,2017
Andrea Bargnani,35.7,2011
Andreas Glyniadakis,6.2,2007
Andrei Kirilenko,37.7,2006
Andrew Bogut,35.3,2011
Andrew Bynum,35.2,2012
Andrew DeClercq,22.3,2000
Andrew Funk,2.6,2024
Andrew Goudelock,10.5,2012
Andrew Harrison,23.7,2018
Andrew Lang,12.8,2000
Andrew Nembhard,28.9,2025
Andrew Nicholson,16.7,2013
Andrew White,13.9,2018
Andrew Wiggins,37.2,2017
Andris BiedriÅÅ¡,30.0,2009
AndrÃ©s Nocioni,31.0,2009
Andy Panko,1.0,2001
Andy Rautins,4.8,2011
Anfernee Hardaway,37.6,2000
Anfernee Simons,35.0,2023
Ansu Sesay,15.8,2002
Antawn Jamison,41.4,2001
Ante Å½iÅ¾iÄ,18.3,2019
Anthony Avent,7.7,2000
Anthony Bennett,15.7,2015
Anthony Black,24.2,2025
Anthony Brown,20.7,2016
Anthony Carter,28.0,2008
Anthony Davis,36.4,2018
Anthony Edwards,36.3,2025
Anthony Gill,10.6,2023
Anthony Goldwire,20.1,2005
Anthony Grundy,9.0,2006
Anthony Johnson,27.7,2005
Anthony Lamb,19.3,2023
Anthony Mason,40.7,2001
Anthony Miller,13.6,2000
Anthony Morrow,32.0,2011
Anthony Parker,33.4,2007
Anthony Peeler,28.3,2001
Anthony Randolph,22.7,2010
Anthony Roberson,11.4,2007
Anthony Tolliver,32.3,2010
Antoine Carr,10.5,2000
Antoine Rigaudeau,8.3,2003
Antoine Walker,42.0,2002
Antoine Wright,25.8,2008
Anton Watson,2.4,2025
Antonio Anderson,15.0,2010
Antonio Blakeney,16.5,2018
Antonio Burks,10.0,2006
Antonio Daniels,30.4,2008
Antonio Davis,38.7,2002
Antonio Harvey,9.4,2002
Antonio Lang,4.6,2000
Antonio McDyess,36.5,2001
Antonio Reeves,15.0,2025
Antonis Fotsis,11.4,2002
Antonius Cleveland,10.5,2018
AnÅ¾ejs PaseÄÅiks,16.2,2020
Archie Goodwin,19.5,2016
Ariel Hukporti,8.7,2025
Arinze Onuaku,11.3,2015
Armel TraorÃ©,7.4,2025
Armen Gilliam,15.6,2000
Armon Johnson,14.9,2012
Armoni Brooks,26.0,2021
Arnett Moultrie,15.6,2014
Arnoldas Kulboka,2.5,2022
Aron Baynes,22.2,2020
Arron Afflalo,36.0,2013
Art Long,15.7,2002
Arvydas Macijauskas,7.1,2006
Arvydas Sabonis,25.6,2000
Ashton Hagans,16.6,2024
Ausar Thompson,25.1,2024
Austin Croshere,25.0,2005
Austin Daye,20.1,2011
Austin Reaves,34.9,2025
Austin Rivers,33.7,2018
Avery Bradley,33.4,2016
Avery Johnson,31.4,2000
Awvee Storey,10.0,2008
Axel Toupane,20.5,2017
Ayo Dosunmu,30.3,2025
B.J. Armstrong,21.6,2000
B.J. Johnson,16.3,2022
Bam Adebayo,34.6,2023
Baron Davis,40.5,2002
Baylor Scheierman,12.4,2025
Ben Bentil,3.3,2017
Ben Davis,4.4,2000
Ben Gordon,36.6,2009
Ben Handlogten,14.1,2005
Ben Hansbrough,7.1,2013
Ben McLemore,32.6,2015
Ben Moore,4.5,2018
Ben Sheppard,19.5,2025
Ben Simmons,35.4,2020
Ben Uzoh,22.3,2012
Ben Wallace,39.4,2003
Bennedict Mathurin,29.8,2025
Beno Udrih,34.6,2011
Benoit Benjamin,2.7,2000
Bernard James,9.9,2013
Bernard Robinson,19.7,2006
Bilal Coulibaly,33.0,2025
Bill Curley,12.5,2000
Bill Wennington,8.1,2000
Billy Garrett,15.8,2019
Billy Owens,24.1,2000
Billy Thomas,14.2,2005
Bimbo Coles,24.6,2003
Bismack Biyombo,27.3,2013
Blake Ahearn,14.8,2008
Blake Griffin,38.0,2011
Blake Wesley,18.1,2023
Bo Outlaw,31.7,2001
Bob Sura,35.4,2004
Boban MarjanoviÄ,13.9,2019
Bobby Brown,14.9,2010
Bobby Jackson,28.4,2003
Bobby Jones,23.8,2008
Bobby Phills,29.5,2000
Bobby Portis,28.2,2022
Bobby Simmons,37.3,2005
Bobi Klintman,5.3,2025
Bogdan BogdanoviÄ,30.4,2024
Bojan BogdanoviÄ,33.1,2020
Bol Bol,21.5,2023
Bones Hyland,19.5,2023
Boniface N'Dong,6.6,2006
Bonzi Wells,32.4,2006
Bonzie Colson,12.3,2019
Boris Diaw,37.6,2009
BoÅ¡tjan Nachbar,22.1,2008
Bracey Wright,19.3,2006
Brad Miller,37.3,2005
Brad Wanamaker,27.0,2022
Bradley Beal,36.9,2019
Brandan Wright,21.5,2015
Branden Carlson,7.7,2025
Branden Dawson,4.8,2016
Brandin Knight,3.0,2005
Brandin Podziemski,26.8,2025
Brandon Armstrong,7.8,2004
Brandon Bass,31.7,2012
Brandon Boston Jr.,23.6,2025
Brandon Clarke,24.0,2021
Brandon Davies,19.0,2015
Brandon Goodwin,13.9,2022
Brandon Hunter,11.3,2004
Brandon Ingram,34.3,2021
Brandon Jennings,36.2,2013
Brandon Knight,36.0,2016
Brandon Miller,34.2,2025
Brandon Paul,9.0,2018
Brandon Roy,37.7,2008
Brandon Rush,30.4,2010
Brandon Sampson,15.3,2019
Brandon Williams,26.7,2022
Braxton Key,21.2,2022
Brendan Haywood,32.9,2010
Brent Barry,37.5,2002
Brent Price,10.3,2000
Brevin Knight,34.1,2006
Brian Bowen,5.2,2020
Brian Cardinal,24.7,2005
Brian Cook,19.0,2006
Brian Grant,33.8,2001
Brian Roberts,23.2,2014
Brian Scalabrine,21.6,2005
Brian Shaw,22.9,2001
Brian Skinner,28.2,2004
Briante Weber,27.7,2016
Brice Johnson,6.7,2018
Brice Sensabaugh,20.2,2025
Britton Johnsen,14.5,2004
Brodric Thomas,13.4,2021
Bronny James,6.7,2025
Brook Lopez,36.9,2010
Bruce Bowen,33.6,2006
Bruce Brown,29.7,2024
Bruno Caboclo,23.5,2019
Bruno Fernando,15.2,2024
Bruno Å undov,10.9,2001
Bryant Reeves,25.7,2000
Bryant Stith,32.1,2001
Bryce Cotton,11.0,2016
Bryce Dejean-Jones,19.9,2016
Bryce Drew,27.2,2001
Bryce McGowens,17.1,2023
Bryn Forbes,28.0,2019
Bryon Russell,35.4,2000
Bub Carrington,30.0,2025
Buddy Boeheim,9.0,2023
Buddy Hield,35.6,2022
Byron Mullens,26.9,2013
C.J. Miles,26.3,2015
C.J. Watson,27.5,2010
C.J. Wilcox,7.3,2016
C.J. Williams,18.6,2018
CJ Elleby,20.2,2022
CJ McCollum,36.5,2020
Cade Cunningham,35.0,2025
Cal Bowdler,11.3,2002
Calbert Cheaney,29.0,2003
Caleb Houstan,15.9,2023
Caleb Martin,30.4,2025
Caleb Swanigan,13.3,2020
Calvin Booth,19.5,2001
Cam Christie,4.5,2025
Cam Reddish,28.8,2021
Cam Spencer,10.1,2025
Cam Thomas,31.4,2024
Cam Whitmore,18.7,2024
Cameron Bairstow,5.7,2016
Cameron Johnson,31.6,2025
Cameron McGriff,15.3,2022
Cameron Oliver,21.8,2021
Cameron Payne,23.3,2018
Cameron Reynolds,17.0,2021
Caris LeVert,32.9,2021
Carl Landry,37.6,2010
Carldell Johnson,7.9,2012
Carlik Jones,8.0,2023
Carlos Arroyo,28.3,2004
Carlos Boozer,34.9,2008
Carlos Delfino,32.4,2011
Carlos Rogers,20.8,2000
Carmelo Anthony,38.7,2014
Caron Butler,39.9,2008
Carrick Felix,5.4,2014
Carsen Edwards,19.8,2022
Cartier Martin,27.6,2010
Casey Jacobsen,23.4,2004
Cason Wallace,27.6,2025
Casper Ware,12.9,2014
Cassius Stanley,17.2,2022
Cassius Winston,5.6,2022
Cat Barber,4.3,2022
Cedi Osman,32.2,2019
Cedric Bozeman,8.7,2007
Cedric Ceballos,29.9,2000
Cedric Henderson,18.1,2000
Cedric Jackson,9.8,2010
Cedric Simmons,12.4,2007
Cezary TrybaÅski,5.7,2003
Chance Comanche,21.0,2023
Chandler Hutchison,20.3,2019
Chandler Parsons,37.6,2014
Channing Frye,33.0,2011
Charles Barkley,31.0,2000
Charles Bassey,14.5,2023
Charles Cooke,2.9,2018
Charles Jenkins,17.5,2012
Charles Jones,11.8,2000
Charles Oakley,35.5,2001
Charles Smith,19.0,2002
Charlie Bell,34.7,2007
Charlie Brown Jr.,16.9,2021
Charlie Villanueva,29.1,2006
Charlie Ward,27.6,2000
Chase Budinger,22.4,2012
Chasson Randle,20.4,2021
Chauncey Billups,36.2,2007
Chaundee Brown Jr.,27.7,2022
Cheick Diallo,14.0,2019
Cheikh Samb,7.8,2008
Cherokee Parks,21.6,2003
Chet Holmgren,29.4,2024
Chima Moneke,4.0,2023
Chimezie Metu,29.4,2024
Chinanu Onuaku,22.0,2018
Chris Andersen,22.3,2010
Chris Anstey,13.8,2000
Chris Babb,9.4,2014
Chris Bosh,39.3,2006
Chris Boucher,24.2,2021
Chris Carr,21.8,2000
Chris Childs,25.7,2001
Chris Chiozza,15.4,2020
Chris Clemons,8.8,2020
Chris Copeland,16.6,2015
Chris Crawford,21.6,2004
Chris Douglas-Roberts,25.8,2010
Chris Duarte,28.0,2022
Chris Dudley,11.6,2001
Chris Duhon,36.8,2009
Chris Garner,18.6,2001
Chris Gatling,23.1,2000
Chris Herren,16.3,2001
Chris Hunter,13.1,2010
Chris Jefferies,13.1,2003
Chris Johnson,20.8,2015
Chris Kaman,37.2,2008
Chris Livingston,5.0,2025
Chris McCray,2.4,2007
Chris McCullough,15.1,2016
Chris Mihm,26.1,2006
Chris Mills,32.9,2001
Chris Mullin,18.7,2001
Chris Owens,6.0,2003
Chris Paul,38.5,2009
Chris Porter,22.5,2001
Chris Quinn,22.3,2008
Chris Richard,12.4,2010
Chris Silva,9.8,2022
Chris Singleton,21.7,2012
Chris Smith,1.0,2014
Chris Taft,8.5,2006
Chris Webber,40.5,2001
Chris Whitney,26.5,2002
Chris Wilcox,31.5,2007
Chris Wright,15.8,2014
Christian Braun,33.9,2025
Christian Eyenga,21.5,2011
Christian Koloko,13.8,2023
Christian Laettner,29.8,2000
Christian Wood,32.3,2021
Chuck Hayes,28.1,2011
Chuck Person,9.2,2000
Chucky Atkins,35.4,2005
Chucky Brown,20.1,2000
Chuma Okeke,25.2,2021
Clarence Weatherspoon,33.8,2001
Cleanthony Early,16.6,2015
Cliff Alexander,4.5,2016
Clifford Robinson,35.7,2002
Clint Capela,33.6,2019
Coby Karl,27.0,2010
Coby White,36.5,2024
Cody Martin,26.9,2024
Cody Williams,21.2,2025
Cody Zeller,27.8,2017
Colby Jones,25.7,2025
Cole Aldrich,16.0,2015
Cole Anthony,31.7,2022
Cole Swider,19.5,2025
Colin Castleton,26.2,2025
Collin Gillespie,14.0,2025
Collin Sexton,35.3,2021
Corey Benjamin,18.0,2000
Corey Brewer,32.2,2014
Corey Kispert,28.3,2023
Corey Maggette,36.9,2005
Corie Blount,24.2,2001
Corliss Williamson,29.6,2001
Corsley Edwards,11.0,2005
Cory Alexander,12.6,2005
Cory Higgins,11.1,2012
Cory Jefferson,10.6,2015
Cory Joseph,27.0,2018
Coty Clarke,2.0,2016
Courtney Alexander,33.7,2001
Courtney Fortson,11.5,2012
Courtney Lee,33.5,2010
Courtney Sims,11.0,2009
Craig Brackins,11.0,2011
Craig Porter Jr.,12.7,2024
Craig Smith,20.1,2008
Craig Sword,6.3,2022
Cristiano FelÃ­cio,17.8,2018
Cui Yongxi,2.0,2025
Curtis Borchardt,16.1,2004
Cuttino Mobley,42.1,2002
D'Angelo Russell,32.9,2023
D'Moi Hodge,5.9,2024
D.J. Augustin,33.6,2011
D.J. Carton,9.0,2024
D.J. Kennedy,29.5,2012
D.J. Mbenga,8.1,2008
D.J. Stephens,7.0,2019
D.J. Strawberry,8.2,2008
D.J. White,19.4,2011
D.J. Wilson,18.4,2019
DaJuan Summers,13.9,2012
DaQuan Jeffries,22.8,2025
Daequan Cook,24.4,2008
Daeqwon Plowden,12.0,2025
Dahntay Jones,42.0,2016
Dairis BertÄns,13.9,2019
Daishen Nix,16.0,2023
Dajuan Wagner,29.5,2003
Dakari Johnson,5.2,2018
Dakota Mathias,15.4,2021
Dalano Banton,29.2,2024
Dale Davis,31.4,2002
Dale Ellis,18.0,2000
Dalen Terry,13.5,2025
Dalibor BagariÄ,12.8,2002
Dalton Knecht,19.2,2025
Damian Jones,20.1,2021
Damian Lillard,38.6,2013
Damien Inglis,7.8,2016
Damien Wilkins,24.8,2007
Damion Baugh,24.7,2025
Damion James,24.3,2012
Damion Lee,29.0,2020
Damir Markota,5.7,2007
Damjan RudeÅ¾,15.4,2015
Damon Jones,31.4,2005
Damon Stoudamire,38.0,2004
Damone Brown,23.0,2003
Damyean Dotson,27.5,2019
Dan Dickau,31.0,2005
Dan Gadzuric,22.0,2005
Dan Langhi,12.8,2002
Dan Majerle,33.4,2000
Dan McClintock,9.7,2001
Dana Barros,20.1,2002
Daniel Ewing,14.7,2006
Daniel Gafford,26.5,2024
Daniel Gibson,30.4,2008
Daniel Hamilton,10.7,2019
Daniel Ochefu,3.9,2017
Daniel Orton,11.7,2012
Daniel Oturu,9.0,2022
Daniel Santiago,13.1,2004
Daniel Theis,25.0,2021
Danilo Gallinari,34.8,2011
Daniss Jenkins,3.3,2025
Danny Ferry,21.1,2001
Danny Fortson,33.8,2001
Danny Granger,36.7,2010
Danny Green,28.5,2015
Danny Manning,16.9,2000
Dante Cunningham,25.1,2013
Dante Exum,22.2,2015
Danuel House Jr.,30.4,2020
Darington Hobson,7.8,2012
Dario Å ariÄ,30.5,2019
Dariq Whitehead,12.3,2025
Darius Bazley,31.2,2021
Darius Days,6.3,2023
Darius Garland,35.7,2022
Darius Johnson-Odom,5.0,2014
Darius Miles,32.2,2006
Darius Miller,25.5,2019
Darius Morris,16.1,2014
Darius Songaila,21.4,2006
Darius Washington,8.1,2008
Darko MiliÄiÄ,25.6,2010
Darnell Jackson,9.0,2010
Darrell Armstrong,36.9,2001
Darrell Arthur,21.7,2016
Darren Collison,34.8,2015
Darrick Martin,17.3,2005
Darrun Hilliard,10.1,2016
Darryl Watkins,19.6,2012
Darvin Ham,22.6,2000
Daryl Macon,11.3,2019
David Andersen,14.1,2010
David Benoit,9.1,2001
David Duke Jr.,15.5,2022
David Harrison,17.7,2005
David Johnson,1.0,2022
David Lee,37.3,2010
David Noel,11.6,2007
David Nwaba,23.5,2018
David Robinson,32.0,2000
David Roddy,23.2,2024
David Stockton,11.0,2015
David Vanterpool,18.7,2001
David Wear,3.5,2015
David Wesley,37.9,2001
David West,39.2,2009
David Wingate,9.0,2001
Davion Mitchell,31.6,2025
Davon Reed,13.9,2022
Day'Ron Sharpe,18.1,2025
De'Aaron Fox,37.0,2025
De'Andre Hunter,32.0,2020
De'Anthony Melton,27.9,2023
DeAndre Jordan,35.0,2014
DeAndre Liggins,25.0,2017
DeAndre' Bembry,23.5,2019
DeJon Jarreau,16.7,2024
DeJuan Blair,21.4,2011
DeMar DeRozan,38.2,2014
DeMarco Johnson,7.4,2000
DeMarcus Cousins,36.2,2018
DeMarcus Nelson,13.2,2009
DeMarre Carroll,32.1,2014
DeQuan Jones,12.7,2013
DeSagana Diop,18.6,2006
DeShawn Stevenson,35.9,2004
DeVaughn Akoon-Purcell,3.1,2019
Dean Garrett,11.9,2001
Dean Oliver,7.0,2002
Dean Wade,21.2,2025
Deandre Ayton,32.5,2020
Dedric Willoughby,20.3,2000
Dee Brown,22.1,2001
Deividas Sirvydis,9.0,2022
Dejounte Murray,36.4,2023
Dell Curry,16.3,2000
Delon Wright,30.8,2019
Delonte West,34.1,2006
Demetris Nichols,4.7,2008
Demetrius Jackson,6.5,2019
Deng Adel,10.2,2019
Deng Gai,2.5,2006
Deni Avdija,30.1,2024
Dennis Horner,2.8,2012
Dennis Rodman,32.4,2000
Dennis SchrÃ¶der,33.6,2025
Dennis Scott,19.1,2000
Dennis Smith Jr.,29.7,2018
Denzel Valentine,27.2,2018
Deonte Burton,9.1,2020
DerMarr Johnson,24.0,2002
Dereck Lively II,23.5,2024
Derek Anderson,35.5,2004
Derek Fisher,35.5,2001
Derek Hood,2.0,2000
Derek Strong,17.5,2001
Dereon Seabron,9.2,2024
Deron Williams,38.0,2011
Derrick Brown,22.2,2012
Derrick Byars,18.5,2012
Derrick Caracter,5.2,2011
Derrick Coleman,35.9,2002
Derrick Dial,11.9,2000
Derrick Favors,32.0,2016
Derrick Jones Jr.,24.3,2025
Derrick McKey,19.8,2000
Derrick Rose,37.4,2011
Derrick Walton,36.0,2022
Derrick White,33.9,2025
Derrick Williams,24.7,2014
Derrick Zimmerman,16.0,2006
Desmon Farmer,18.0,2009
Desmond Bane,34.4,2024
Desmond Ferguson,4.6,2004
Desmond Mason,36.2,2005
Desmond Penigar,8.9,2004
Detlef Schrempf,21.6,2000
Devean George,23.8,2004
Devin Booker,37.3,2025
Devin Brown,28.7,2007
Devin Cannady,29.0,2022
Devin Carter,11.0,2025
Devin Ebanks,16.5,2012
Devin Gray,5.9,2000
Devin Green,5.0,2006
Devin Harris,36.1,2009
Devin Robinson,13.6,2019
Devin Vassell,33.1,2024
Devon Dotson,8.8,2023
Devon Hall,7.4,2020
Devontae Cacok,9.0,2020
Devonte' Graham,35.1,2020
Devyn Marble,13.0,2015
Dewan Hernandez,4.7,2020
Dewayne Dedmon,25.1,2019
Dexter Dennis,7.5,2024
Dexter Pittman,8.6,2012
Deyonta Davis,15.2,2018
Diamond Stone,3.4,2017
Diante Garrett,14.8,2014
Dickey Simpkins,23.9,2000
Didi Louzada,18.7,2021
Dijon Thompson,8.3,2007
Dikembe Mutombo,36.4,2000
Dillon Brooks,31.8,2025
Dillon Jones,10.2,2025
Dion Glover,26.6,2004
Dion Waiters,30.6,2018
Dionte Christmas,6.4,2014
Dirk Nowitzki,39.0,2003
Dmytro Skapintsev,1.0,2024
Domantas Sabonis,36.0,2021
Dominic McGuire,26.2,2009
Dominick Barlow,14.6,2023
Dominique Jones,11.7,2013
Don MacLean,9.5,2001
Don Reid,19.6,2000
Donald Sloan,24.3,2012
Donatas MotiejÅ«nas,28.7,2015
Donell Taylor,9.1,2006
Donnell Harvey,23.4,2002
Donny Marshall,6.5,2000
Donovan Clingan,19.8,2025
Donovan Mitchell,35.8,2023
Donovan Williams,2.0,2023
Donta Hall,17.0,2020
Donta Smith,11.4,2005
Donte DiVincenzo,29.1,2024
Donte Grantham,0.7,2019
Dontell Jefferson,14.0,2009
DontÃ© Greene,21.4,2010
Donyell Marshall,39.1,2004
Dorell Wright,38.4,2011
Dorian Finney-Smith,33.1,2022
Doron Lamb,13.1,2014
Doug Christie,36.3,2001
Doug McDermott,24.5,2017
Doug Overton,26.3,2001
Doug West,15.3,2000
Dragan Bender,25.2,2018
Dragan TarlaÄ,13.9,2001
Draymond Green,34.7,2016
Drew Barry,10.6,2000
Drew Eubanks,29.5,2022
Drew Gooden,31.0,2008
Drew Gordon,7.9,2015
Drew Peterson,7.7,2024
Drew Timme,28.2,2025
Dru Smith,19.1,2025
Duane Causwell,12.4,2001
Duane Washington Jr.,20.2,2022
Duje Dukan,24.0,2016
Duncan Robinson,31.4,2021
Duop Reath,17.9,2024
Dusty Hannahs,13.0,2019
Dwayne Bacon,25.7,2021
Dwayne Jones,8.7,2009
Dwight Buycks,20.5,2015
Dwight Howard,38.3,2012
Dwight Powell,26.5,2020
Dwyane Wade,38.6,2005
Dylan Windler,16.5,2021
Dyson Daniels,33.8,2025
DÄvis BertÄns,29.3,2020
DÅ¾anan Musa,12.2,2020
E'Twaun Moore,31.5,2018
E.J. Liddell,4.4,2025
Earl Barron,37.0,2013
Earl Boykins,33.0,2007
Earl Clark,23.1,2013
Earl Watson,29.4,2010
Ed Davis,24.6,2011
Eddie Basden,7.4,2006
Eddie Gill,19.0,2001
Eddie Griffin,26.0,2002
Eddie House,23.1,2005
Eddie Jones,39.0,2000
Eddie Robinson,22.5,2002
Eddy Curry,35.2,2007
Edmond Sumner,16.2,2021
Eduardo NÃ¡jera,23.0,2003
Edwin Ubiles,13.0,2012
Edy Tavares,24.0,2017
Efthimios Rentzias,4.1,2003
Ekpe Udoh,21.8,2012
Elden Campbell,32.5,2000
Eldridge Recasner,9.4,2001
Elfrid Payton,30.4,2015
Elias Harris,5.5,2014
Elie Okobo,18.1,2019
Elijah Bryant,32.0,2021
Elijah Harkless,13.8,2025
Elijah Hughes,14.6,2022
Elijah Millsap,19.7,2015
Elliot Perry,24.0,2002
Elliot Williams,17.3,2014
Elton Brand,39.6,2003
Emanual Davis,27.6,2002
Emanuel Miller,4.2,2025
Emanuel Terry,10.0,2019
Emeka Okafor,35.6,2005
Emmanuel Mudiay,30.4,2016
Emoni Bates,8.9,2024
Enes Freedom,31.1,2015
Enrique Freeman,8.2,2025
Eric Bledsoe,34.6,2015
Eric Dawson,9.8,2012
Eric Gordon,37.7,2011
Eric Maynor,21.2,2013
Eric Mika,19.0,2020
Eric Montross,13.5,2001
Eric Moreland,12.0,2018
Eric Murdock,17.3,2000
Eric Paschall,27.6,2020
Eric Piatkowski,26.5,2001
Eric Snow,37.9,2003
Eric Williams,35.2,2005
Erick Barkley,12.0,2002
Erick Dampier,32.5,2004
Erick Green,9.5,2015
Erick Strickland,29.8,2000
Erik Daniels,3.4,2005
Erik McCree,2.0,2018
Erik Murphy,2.6,2014
Ernest Brown,7.0,2002
Ersan Ä°lyasova,27.6,2012
Ervin Johnson,26.6,2000
Esteban Batista,8.7,2006
Etan Thomas,24.1,2004
Etdrick Bohannon,10.3,2000
Eugene Jeter,13.8,2011
Eugene Omoruyi,21.9,2023
Evan Eschmeyer,18.0,2001
Evan Fournier,32.9,2017
Evan Mobley,34.4,2023
Evan Turner,35.3,2013
Fab Melo,6.0,2013
Fabricio Oberto,20.0,2008
Facundo Campazzo,21.9,2021
Felipe LÃ³pez,23.6,2001
Felton Spencer,7.8,2002
Feron Hunt,4.0,2022
Festus Ezeli,16.7,2016
Filip PetruÅ¡ev,3.5,2024
Francisco Elson,21.9,2006
Francisco GarcÃ­a,30.4,2009
Frank Jackson,22.0,2022
Frank Kaminsky,26.1,2017
Frank Mason III,19.8,2021
Frank Ntilikina,21.9,2018
Frank Williams,12.8,2004
Franz Wagner,33.7,2025
Fred Hoiberg,30.4,2001
Fred Jones,29.5,2005
Fred VanVleet,37.9,2022
Fred Vinson,5.0,2000
Freddie Gillespie,19.6,2021
Furkan Aldemir,13.2,2015
Furkan Korkmaz,21.7,2020
GG Jackson II,25.7,2024
Gabe Pruitt,7.8,2009
Gabe Vincent,25.9,2023
Gabe York,18.7,2023
Gabriel Deck,21.2,2021
Gabriel Lundberg,11.0,2022
Gal Mekel,10.8,2015
Gani Lawal,2.0,2011
Garret Siler,4.8,2011
Garrett Temple,31.2,2019
Garrison Mathews,26.3,2022
Garth Joseph,4.0,2001
Gary Clark,18.2,2021
Gary Forbes,14.9,2012
Gary Grant,8.0,2000
Gary Harris,34.4,2018
Gary Neal,23.8,2015
Gary Payton,41.8,2000
Gary Payton II,17.6,2022
Gary Trent,27.4,2000
Gary Trent Jr.,35.0,2022
Geno Carlisle,2.7,2005
George Hill,34.5,2013
George King,6.0,2019
George Lynch,32.3,2001
George McCloud,27.2,2000
Georges Niang,23.0,2025
Georgios Kalaitzakis,41.5,2022
Georgios Papagiannis,16.1,2017
Gerald Fitch,13.3,2006
Gerald Green,28.4,2014
Gerald Henderson,33.3,2012
Gerald Wallace,41.0,2010
Gerard King,17.1,2000
Gheorghe MureÈan,8.9,2000
Gian Clavell,9.1,2018
Giannis Antetokounmpo,36.7,2018
Gigi Datome,10.7,2015
Gilbert Arenas,42.3,2006
Glen Davis,31.3,2013
Glen Rice,31.6,2000
Glen Rice Jr.,9.9,2014
Glenn Robinson,37.6,2003
Glenn Robinson III,31.6,2020
Goga Bitadze,20.4,2025
Goran DragiÄ,35.1,2014
Gordan GiriÄek,35.6,2003
Gordon Hayward,36.4,2014
Gorgui Dieng,32.4,2017
Gradey Dick,29.4,2025
Grant Hill,37.5,2000
Grant Jerrett,8.7,2015
Grant Long,28.3,2002
Grant Riller,3.9,2021
Grant Williams,30.6,2024
Grayson Allen,33.5,2024
Greg Anthony,26.7,2002
Greg Brown III,13.3,2022
Greg Buckner,24.1,2006
Greg Foster,18.6,2003
Greg Monroe,33.2,2013
Greg Oden,23.9,2010
Greg Ostertag,27.6,2004
Greg Smith,15.9,2013
Greg Stiemsma,18.3,2014
Greg Whittington,3.0,2021
Greivis VÃ¡squez,34.4,2013
Guerschon Yabusele,27.1,2025
Gui Santos,13.6,2025
Guillermo DÃ­az,3.0,2008
Gustavo AyÃ³n,20.1,2012
Guy Rucker,1.3,2003
Ha Seung-Jin,7.9,2006
Hakeem Olajuwon,26.6,2001
Hakim Warrick,26.2,2007
Hamady N'Diaye,5.3,2014
Hamed Haddadi,13.8,2013
Hamidou Diallo,23.8,2021
Hanno MÃ¶ttÃ¶lÃ¤,16.7,2002
Harold Jamison,7.0,2002
Harrison Barnes,36.2,2021
Harrison Ingram,7.0,2025
Harry Giles,14.5,2020
Hasheem Thabeet,13.0,2010
Hassan Adams,8.1,2007
Hassan Whiteside,32.6,2017
Hassani Gravett,21.4,2022
Haywood Highsmith,24.6,2025
Haywoode Workman,10.8,2000
Hedo TÃ¼rkoÄlu,36.9,2008
Henri Drell,7.5,2024
Henry Ellenson,19.0,2021
Henry Sims,27.2,2014
Henry Walker,27.4,2010
Herbert Jones,32.4,2025
Hersey Hawkins,26.6,2000
Hilton Armstrong,15.6,2009
Hiram Fuller,10.8,2004
Hollis Thompson,28.0,2016
Horace Grant,35.4,2000
Horace Jenkins,6.9,2005
Howard Eisley,29.6,2001
Hubert Davis,28.7,2001
Hunter Tyson,7.8,2025
Ian Clark,19.7,2018
Ian Mahinmi,25.6,2016
Ibo Kutluay,2.4,2005
Ibou Badji,10.3,2024
Ignas Brazdeikis,29.3,2021
Igor RakoÄeviÄ,5.8,2003
Ike Anigbogu,2.7,2018
Ike Diogu,14.9,2006
Iman Shumpert,28.9,2012
Ime Udoka,28.6,2007
Immanuel Quickley,33.3,2024
Ira Bowman,9.7,2002
Ira Newble,30.3,2002
Isaac Austin,19.9,2000
Isaac Bonga,18.9,2020
Isaac Fontaine,12.5,2002
Isaac Humphries,11.2,2019
Isaac Jones,7.6,2025
Isaac Okoro,32.4,2021
Isaiah Briscoe,14.3,2019
Isaiah Canaan,26.5,2019
Isaiah Collier,25.9,2025
Isaiah Crawford,3.1,2025
Isaiah Hartenstein,27.9,2025
Isaiah Hicks,13.3,2018
Isaiah Jackson,16.8,2025
Isaiah Joe,21.7,2025
Isaiah Livers,23.1,2023
Isaiah Mobley,17.0,2025
Isaiah Rider,34.7,2000
Isaiah Roby,23.4,2021
Isaiah Stevens,2.0,2025
Isaiah Stewart,30.9,2024
Isaiah Taylor,17.4,2018
Isaiah Thomas,34.7,2014
Isaiah Todd,10.2,2023
Isaiah Whitehead,22.5,2017
Isaiah Wong,13.3,2025
Ish Smith,32.4,2016
Ish Wainright,15.3,2023
Ivan Johnson,16.7,2012
Ivan McFarlin,3.7,2007
Ivan Rabb,14.7,2019
Ivica Zubac,32.8,2025
Izaiah Brockington,3.0,2024
J.J. Barea,25.2,2012
J.J. Hickson,31.6,2012
J.J. O'Brien,3.0,2016
J.P. Macura,8.5,2019
J.R. Bremer,23.5,2003
J.R. Giddens,12.7,2010
J.R. Reid,17.7,2000
J.R. Smith,33.5,2013
JD Davison,5.8,2025
JJ Redick,31.5,2013
JT Thor,18.8,2025
Ja Morant,35.3,2024
Ja'Kobe Walter,21.2,2025
JaJuan Johnson,8.3,2012
JaKarr Sampson,31.8,2019
JaMychal Green,28.0,2018
JaQuori McLaughlin,2.8,2022
JaVale McGee,27.8,2011
Jabari Bird,8.8,2018
Jabari Brown,29.9,2015
Jabari Parker,33.9,2017
Jabari Smith,14.4,2005
Jabari Smith Jr.,31.9,2024
Jabari Walker,23.6,2024
Jack Cooley,12.4,2018
Jack McVeigh,4.8,2025
Jack White,16.0,2024
Jackie Butler,13.5,2006
Jackson Rowe,8.7,2025
Jackson Vroman,18.0,2005
Jacob Evans,15.3,2020
Jacob Gilyard,41.0,2023
Jacob Pullen,2.0,2018
Jacob Toppin,27.0,2025
Jacob Wiley,6.6,2018
Jacque Vaughn,22.6,2002
Jaden Hardy,15.9,2025
Jaden Ivey,31.1,2023
Jaden McDaniels,31.9,2025
Jaden Springer,13.2,2025
Jae Crowder,32.4,2017
Jae'Sean Tate,29.2,2021
Jahidi White,23.7,2001
Jahlil Okafor,30.0,2016
Jahmi'us Ramsey,17.3,2024
Jahmir Young,5.0,2025
Jaime Echenique,3.0,2022
Jaime Jaquez Jr.,28.2,2024
Jake LaRavia,23.0,2024
Jake Layman,22.0,2020
Jake Tsakalidis,23.6,2002
Jake Voskuhl,24.3,2004
Jakob Poeltl,29.6,2025
Jalen Bridges,3.8,2025
Jalen Brunson,35.4,2024
Jalen Crutcher,3.0,2024
Jalen Duren,29.1,2024
Jalen Green,34.2,2023
Jalen Harris,13.2,2021
Jalen Hood-Schifino,23.2,2025
Jalen Johnson,35.7,2025
Jalen Jones,13.5,2018
Jalen Lecque,6.4,2020
Jalen McDaniels,26.7,2023
Jalen Pickett,13.6,2025
Jalen Rose,40.9,2001
Jalen Slawson,3.1,2024
Jalen Smith,24.7,2022
Jalen Suggs,28.6,2025
Jalen Williams,32.4,2025
Jalen Wilson,25.7,2025
Jamaal Franklin,7.7,2014
Jamaal Magloire,33.9,2004
Jamaal Tinsley,33.2,2008
Jamal Cain,13.6,2025
Jamal Crawford,39.9,2008
Jamal Mashburn,40.5,2003
Jamal Murray,36.1,2025
Jamal Robinson,12.0,2001
Jamal Sampson,14.3,2005
Jamal Shead,19.6,2025
Jamaree Bouyea,16.3,2023
Jamario Moon,27.8,2008
Jameel Warney,9.0,2018
Jameer Nelson,35.3,2013
Jamel Artis,18.6,2018
Jamel Thomas,11.2,2001
James Anderson,28.9,2014
James Augustine,6.0,2008
James Bouknight,15.1,2023
James Ennis III,31.3,2016
James Harden,38.3,2013
James Johnson,28.0,2011
James Jones,23.6,2006
James Lang,5.0,2007
James Michael McAdoo,9.1,2015
James Nunnally,19.0,2019
James Posey,34.9,2003
James Robinson,8.3,2001
James Singleton,23.9,2010
James Southerland,9.0,2014
James Thomas,12.4,2005
James Webb III,12.0,2018
James White,22.8,2007
James Wiseman,25.2,2023
James Young,10.7,2015
JamesOn Curry,0.0,2010
Jamie Feick,27.7,2000
Jamil Wilson,18.3,2018
Jamison Battle,17.7,2025
Jamison Brewer,12.3,2004
Jamorko Pickett,13.5,2022
Jan VeselÃ½,18.9,2012
Jannero Pargo,26.5,2004
Jarace Walker,15.8,2025
Jared Butler,24.4,2025
Jared Cunningham,13.8,2016
Jared Dudley,31.1,2012
Jared Harper,8.6,2022
Jared Jeffries,28.1,2010
Jared McCain,25.7,2025
Jared Reiner,9.0,2007
Jared Rhoden,21.5,2025
Jared Sullinger,27.6,2014
Jared Terrell,7.9,2019
Jarell Eddie,12.4,2017
Jarell Martin,22.8,2018
Jaren Jackson,20.9,2000
Jaren Jackson Jr.,32.2,2024
Jarnell Stokes,6.6,2015
Jaron Blossomgame,16.3,2019
Jarred Vanderbilt,25.4,2022
Jarrell Brantley,10.7,2020
Jarrett Allen,32.6,2023
Jarrett Culver,23.9,2020
Jarrett Jack,34.0,2012
Jarrod Uthoff,13.0,2020
Jarron Collins,21.9,2006
Jarron Cumberland,4.0,2022
Jarvis Hayes,29.2,2004
Jarvis Varnado,14.7,2014
Jason Caffey,30.4,2000
Jason Collier,27.3,2004
Jason Collins,31.8,2005
Jason Hart,32.4,2007
Jason Kapono,26.4,2007
Jason Kidd,39.8,2001
Jason Maxiell,24.8,2013
Jason Miskiri,3.0,2000
Jason Preston,10.1,2024
Jason Richardson,38.4,2006
Jason Smith,26.8,2014
Jason Terry,38.0,2002
Jason Thompson,31.4,2010
Jason Williams,34.4,2002
Javaris Crittenton,20.2,2009
Javin DeLaurier,3.0,2022
Javon Freeman-Liberty,18.3,2024
Javonte Green,25.6,2024
Javonte Smart,12.3,2022
Jawad Williams,15.0,2011
Jawun Evans,16.2,2018
Jaxson Hayes,20.0,2022
Jay Huff,13.6,2023
Jay Scrubb,21.0,2021
Jay Williams,26.1,2003
Jaylen Adams,12.6,2019
Jaylen Brown,35.9,2023
Jaylen Clark,13.1,2025
Jaylen Hoard,34.3,2022
Jaylen Martin,18.0,2025
Jaylen Morris,16.3,2018
Jaylen Nowell,21.0,2025
Jaylen Sims,18.7,2025
Jaylen Wells,25.9,2025
Jaylin Williams,18.7,2023
Jaylon Tyson,9.6,2025
Jaysean Paige,7.0,2022
Jayson Tatum,36.9,2023
Jazian Gortman,3.6,2025
Jeenathan Williams,25.4,2023
Jeff Adrien,25.2,2014
Jeff Ayres,13.0,2014
Jeff Dowtin Jr.,19.3,2022
Jeff Foote,9.8,2012
Jeff Foster,26.1,2005
Jeff Green,37.1,2010
Jeff Hornacek,27.7,2000
Jeff McInnis,37.4,2002
Jeff Taylor,24.2,2014
Jeff Teague,33.1,2012
Jeff Trepagnier,12.1,2003
Jeff Withey,12.9,2016
Jelani McCoy,20.4,2003
Jemerrio Jones,23.8,2019
Jerami Grant,35.7,2023
Jerel McNeal,6.0,2015
Jeremiah Martin,11.0,2020
Jeremiah Robinson-Earl,22.2,2022
Jeremy Evans,18.3,2014
Jeremy Lamb,28.5,2019
Jeremy Lin,32.2,2013
Jeremy Pargo,17.9,2013
Jeremy Richardson,7.8,2009
Jeremy Sochan,29.6,2024
Jeremy Tyler,13.5,2012
Jerian Grant,22.8,2018
Jericho Sims,15.6,2023
Jermaine Jackson,11.9,2003
Jermaine O'Neal,37.6,2002
Jermaine Samuels,4.3,2024
Jermaine Taylor,15.6,2011
Jermareo Davidson,8.5,2008
Jerome Beasley,2.5,2004
Jerome Dyson,20.0,2012
Jerome James,16.9,2002
Jerome Jordan,8.7,2015
Jerome Kersey,18.2,2000
Jerome Robinson,24.0,2020
Jerome Williams,33.0,2003
Jerrelle Benimon,1.5,2015
Jerry Smith,9.2,2012
Jerry Stackhouse,40.2,2001
Jerryd Bayless,28.9,2016
Jeryl Sasser,13.7,2003
Jesse Edwards,2.5,2025
Jett Howard,11.7,2025
Jevon Carter,22.3,2023
Jim Jackson,41.3,2005
Jim McIlvaine,15.9,2000
Jimmer Fredette,18.6,2012
Jimmy Butler,38.7,2014
JiÅÃ­ Welsch,26.9,2004
Joakim Noah,36.8,2013
Jock Landale,14.2,2023
Jodie Meeks,33.2,2014
Joe Alexander,12.1,2009
Joe Chealey,8.3,2020
Joe Crawford,11.5,2009
Joe Crispin,8.6,2002
Joe Harris,31.0,2021
Joe Ingles,31.4,2018
Joe Johnson,41.4,2007
Joe Kleine,4.4,2000
Joe Smith,30.6,2005
Joe Stephens,13.9,2000
Joe Wieskamp,7.1,2022
Joe Young,10.5,2018
Joel Anthony,21.1,2012
Joel Ayayi,2.9,2022
Joel Bolomboy,6.3,2018
Joel Embiid,34.6,2023
Joel Freeland,14.0,2014
Joel Przybilla,26.2,2004
Joey Dorsey,12.4,2015
Joey Graham,19.8,2006
Joffrey Lauvergne,17.6,2016
Johan Petro,18.9,2006
John Amaechi,21.1,2000
John Butler,11.6,2023
John Celestand,11.6,2000
John Coker,5.3,2001
John Collins,33.2,2020
John Crotty,19.6,2002
John Edwards,7.4,2006
John Henson,26.5,2014
John Holland,7.3,2018
John Jenkins,14.8,2013
John Konchar,21.3,2024
John Lucas III,14.8,2012
John Salley,6.7,2000
John Salmons,37.7,2009
John Starks,33.6,2000
John Stockton,31.3,2002
John Thomas,18.0,2006
John Wall,37.8,2011
John Wallace,13.3,2000
Johnathan Motley,16.0,2018
Johnathan Williams,15.5,2019
Johnny Davis,15.1,2023
Johnny Furphy,7.6,2025
Johnny Juzang,19.8,2025
Johnny Newman,25.0,2001
Johnny O'Bryant,13.0,2016
Johnny Taylor,5.8,2000
Jon Barry,24.2,2002
Jon Brockman,12.6,2010
Jon Leuer,25.9,2017
Jon Teske,2.7,2022
Jonah Bolden,14.5,2019
Jonas Jerebko,27.9,2010
Jonas ValanÄiÅ«nas,30.3,2022
Jonathan Bender,21.1,2002
Jonathan Gibson,13.6,2017
Jonathan Isaac,28.8,2020
Jonathan Kuminga,26.3,2024
Jonathan Mogbo,20.4,2025
Jonathon Simmons,29.4,2018
Jonny Flynn,28.9,2010
Jontay Porter,13.8,2024
Jordan Adams,8.3,2015
Jordan Bell,15.0,2021
Jordan Bone,14.0,2021
Jordan Clarkson,32.6,2023
Jordan Crawford,33.3,2011
Jordan Farmar,24.6,2011
Jordan Ford,3.7,2024
Jordan Goodwin,29.2,2024
Jordan Hall,9.2,2023
Jordan Hamilton,27.6,2016
Jordan Hawkins,23.6,2025
Jordan Hill,26.8,2015
Jordan Loyd,4.6,2019
Jordan McLaughlin,19.7,2020
Jordan McRae,24.5,2020
Jordan Mickey,12.3,2018
Jordan Miller,11.4,2025
Jordan Nwora,24.6,2023
Jordan Poole,30.1,2024
Jordan Schakel,7.5,2022
Jordan Sibert,4.0,2019
Jordan Walsh,9.2,2024
Jordan Williams,14.8,2012
Jorge Garbajosa,28.5,2007
Jorge GutiÃ©rrez,16.3,2014
Jose Alvarado,24.4,2025
Joseph Forte,5.1,2003
Josh Akognon,3.0,2013
Josh Boone,25.3,2008
Josh Childress,36.8,2007
Josh Christopher,18.0,2022
Josh Davis,8.7,2012
Josh Giddey,31.5,2022
Josh Gray,17.2,2018
Josh Green,27.8,2025
Josh Hall,16.0,2021
Josh Harrellson,14.6,2012
Josh Hart,37.6,2025
Josh Howard,36.3,2008
Josh Huestis,15.5,2017
Josh Jackson,25.4,2018
Josh Magette,12.0,2018
Josh McRoberts,30.8,2013
Josh Minott,6.4,2023
Josh Okogie,25.0,2020
Josh Powell,19.2,2008
Josh Reaves,7.0,2020
Josh Richardson,34.8,2019
Josh Selby,8.5,2012
Josh Smith,36.8,2007
Joshua Primo,23.3,2023
JosÃ© CalderÃ³n,34.3,2009
Jrue Holiday,37.5,2013
Juan Carlos Navarro,25.8,2008
Juan Dixon,26.3,2007
Juan Toscano-Anderson,20.9,2020
Juancho HernangÃ³mez,29.4,2020
Juaquin Hawkins,11.8,2003
Jud Buechler,12.9,2001
Jules Bernard,7.8,2024
Julian Champagnie,23.6,2025
Julian Phillips,14.2,2025
Julian Strawther,21.3,2025
Julian Washburn,14.1,2019
Julian Wright,14.7,2011
Julius Hodge,9.3,2007
Julius Randle,37.6,2021
Julyan Stone,8.1,2012
Jumaine Jones,27.6,2003
Junior Harrington,24.4,2003
Justin Anderson,21.6,2017
Justin Champagnie,21.6,2025
Justin Dentmon,18.0,2012
Justin Edwards,26.3,2025
Justin Hamilton,24.9,2015
Justin Harper,10.3,2017
Justin Holiday,34.9,2019
Justin Jackson,33.0,2021
Justin James,8.6,2021
Justin Minaya,22.3,2023
Justin Patton,19.0,2021
Justin Reed,17.7,2006
Justin Robinson,18.2,2022
Justin Williams,12.8,2007
Justin Wright-Foreman,11.3,2020
Justise Winslow,34.7,2017
Jusuf NurkiÄ,31.6,2020
Juwan Howard,36.8,2001
Juwan Morgan,27.0,2022
JÃ©rÃ´me MoÃ¯so,12.6,2003
K.J. McDaniels,25.4,2015
KJ Martin,28.0,2023
KJ Simpson,23.4,2025
KZ Okpala,12.1,2021
Kadeem Allen,21.9,2019
Kai Jones,21.7,2025
Kaiser Gates,7.0,2024
Kalin Lucas,6.0,2015
Kaniel Dickens,5.5,2005
Kareem Rush,25.8,2005
Karim ManÃ©,8.8,2021
Karl Malone,38.0,2002
Karl-Anthony Towns,37.0,2017
Karlo MatkoviÄ,18.8,2025
Kasib Powell,27.6,2008
Kawhi Leonard,34.3,2024
Kay Felder,9.6,2018
Keaton Wallace,16.2,2025
Kedrick Brown,19.4,2004
Keegan Murray,34.3,2025
Keifer Sykes,17.7,2022
Keion Brooks Jr.,23.7,2025
Keita Bates-Diop,21.7,2023
Keith Appling,5.4,2016
Keith Benson,3.0,2012
Keith Bogans,32.2,2006
Keith Closs,14.4,2000
Keith Langford,5.0,2008
Keith McLeod,26.1,2005
Keith Van Horn,35.4,2001
Kel'el Ware,22.2,2025
Kelan Martin,16.4,2022
Keldon Johnson,32.7,2023
Kelenna Azubuike,32.1,2009
Keljin Blevins,11.3,2022
Kelly Olynyk,31.1,2021
Kelly Oubre Jr.,34.6,2025
Kelvin Cato,25.6,2002
Kemba Walker,35.8,2014
Ken Johnson,9.8,2003
Kendall Brown,6.7,2023
Kendall Gill,31.0,2000
Kendall Marshall,29.0,2014
Kendrick Nunn,29.5,2021
Kendrick Perkins,29.6,2009
Kennedy Chandler,7.8,2023
Kenneth Faried,28.1,2013
Kenneth Lofton Jr.,22.8,2024
Kenny Anderson,32.0,2002
Kenny Satterfield,19.1,2003
Kenny Thomas,36.5,2004
Kenrich Williams,23.5,2019
Kent Bazemore,28.0,2014
Kentavious Caldwell-Pope,36.7,2016
Kenyon Martin,34.6,2004
Keon Clark,27.0,2002
Keon Ellis,24.4,2025
Keon Johnson,25.5,2022
Kerry Kittles,34.7,2004
Keshad Johnson,6.1,2025
Kessler Edwards,20.6,2022
Kevin Burleson,8.7,2006
Kevin Durant,39.5,2010
Kevin Edwards,13.8,2001
Kevin Garnett,40.5,2003
Kevin Hervey,5.2,2020
Kevin Huerter,31.4,2020
Kevin Johnson,18.8,2000
Kevin Jones,10.4,2013
Kevin Knox,28.8,2019
Kevin Love,39.0,2012
Kevin Martin,38.2,2009
Kevin McCullar Jr.,7.3,2025
Kevin Murphy,3.1,2013
Kevin Ollie,26.6,2003
Kevin Pangos,6.9,2022
Kevin Porter Jr.,34.3,2023
Kevin SÃ©raphin,21.8,2013
Kevin Willis,24.6,2001
Kevinn Pinkney,16.7,2007
Kevon Harris,13.4,2023
Kevon Looney,23.9,2023
Keyon Dooling,26.9,2009
Keyontae Johnson,7.3,2024
Keyonte George,31.5,2025
Khalid El-Amin,18.7,2001
Khalid Reeves,16.0,2000
Khem Birch,30.4,2021
Khris Middleton,36.4,2018
Khyri Thomas,30.6,2021
Killian Hayes,28.3,2023
Killian Tillie,12.8,2022
Kim English,9.9,2013
Kira Lewis Jr.,16.7,2021
Kirk Haston,5.1,2002
Kirk Hinrich,36.5,2006
Kirk Penney,9.0,2004
Kirk Snyder,25.2,2008
Kiwane Lemorris Garris,7.7,2000
Klay Thompson,35.8,2013
Kobe Brown,9.0,2024
Kobe Bryant,41.5,2003
Kobe Bufkin,12.4,2025
Kobi Simmons,20.1,2018
KornÃ©l DÃ¡vid,17.0,2000
Kosta Koufos,22.4,2013
Kosta PeroviÄ,5.4,2008
Kostas Antetokounmpo,5.5,2019
Kostas Papanikolaou,18.5,2015
Kris Dunn,30.2,2019
Kris Humphries,34.9,2012
Kris Joseph,7.5,2013
Kris Murray,21.7,2024
Kristaps PorziÅÄ£is,32.8,2017
Kurt Thomas,35.7,2005
Kwame Brown,30.3,2004
Ky Bowman,22.6,2020
Kyle Alexander,6.5,2020
Kyle Anderson,29.8,2019
Kyle Collinsworth,15.0,2018
Kyle Filipowski,21.1,2025
Kyle Guy,9.8,2022
Kyle Korver,33.9,2014
Kyle Kuzma,35.0,2023
Kyle Lowry,37.4,2017
Kyle O'Quinn,18.0,2018
Kyle Singler,28.5,2014
Kyle Weaver,20.8,2009
Kyle Wiltjer,3.1,2017
Kylor Kelley,19.7,2025
Kyrie Irving,38.2,2023
Kyrylo Fesenko,8.6,2011
Kyshawn George,26.5,2025
LaMarcus Aldridge,39.6,2011
LaMelo Ball,35.2,2023
LaPhonso Ellis,25.5,2002
Lamar Odom,40.3,2006
Lamar Patterson,11.3,2016
Lamar Stevens,23.0,2024
Lamond Murray,32.6,2002
Lance Allred,3.3,2008
Lance Stephenson,35.3,2014
Lance Thomas,26.0,2015
Landry Fields,31.0,2011
Landry Shamet,27.8,2019
Langston Galloway,32.4,2015
Lari Ketner,6.8,2000
Laron Profit,17.3,2001
Larry Drew II,18.3,2015
Larry Hughes,40.8,2000
Larry Johnson,32.6,2000
Larry Nance Jr.,31.2,2021
Larry Owens,22.4,2011
Larry Robinson,19.1,2001
Larry Sanders,27.3,2013
Latrell Sprewell,41.1,2002
Lauri Markkanen,34.4,2023
Lavor Postell,8.2,2003
Lavoy Allen,21.1,2013
Lawrence Funderburke,13.7,2000
Lawrence Roberts,17.9,2007
Lazar Hayward,10.0,2011
Lazaro Borrell,9.8,2000
LeBron James,42.5,2006
Leaky Black,10.9,2024
Leandro Barbosa,32.7,2007
Leandro Bolmaro,6.9,2022
Lee Nailon,29.7,2005
Leon Powe,17.5,2009
Leon Smith,7.1,2002
Leonard Miller,3.1,2024
Lester Hudson,24.2,2012
Lester QuiÃ±ones,18.4,2025
Liam Robbins,4.4,2025
Linas Kleiza,26.5,2011
Lindell Wigginton,12.4,2023
Lindsey Hunter,35.6,2000
Lindy Waters III,18.6,2022
Linton Johnson,18.1,2006
Lionel Chalmers,12.0,2005
London Perrantes,4.7,2018
Lonnie Walker IV,25.4,2021
Lonny Baxter,13.5,2004
Lonzo Ball,34.6,2022
Loren Woods,15.8,2005
Lorenzen Wright,29.1,2002
Lorenzo Brown,18.9,2015
Lorenzo Williams,9.5,2000
Lou Amundson,20.9,2015
Lou Williams,32.8,2018
Louis King,29.0,2023
Loy Vaught,11.2,2001
Luc Longley,19.7,2000
Luc Mbah a Moute,28.6,2015
Lucas Nogueira,19.1,2017
Lucious Harris,28.4,2001
Luguentz Dort,32.6,2022
Luis Flores,4.9,2005
Luis Montero,4.0,2018
Luis Scola,32.6,2010
Luka DonÄiÄ,37.5,2024
Luka Garza,12.2,2022
Luka Å amaniÄ,23.0,2023
Luke Babbitt,18.0,2016
Luke Harangody,19.0,2011
Luke Jackson,16.3,2008
Luke Kennard,32.9,2020
Luke Kornet,18.6,2025
Luke Ridnour,33.2,2006
Luke Schenscher,10.7,2007
Luke Travers,7.3,2025
Luke Walton,33.0,2007
Luke Zeller,3.6,2013
Luol Deng,39.4,2012
Luther Head,28.9,2006
Lynn Greer,10.5,2007
M.J. Walker,4.0,2022
Maalik Wayns,7.9,2013
Mac McClung,22.0,2022
Maceo Baston,8.6,2007
Maciej Lampe,12.4,2005
Mahmoud Abdul-Rauf,11.9,2001
Malachi Flynn,19.7,2021
Malachi Richardson,12.8,2018
Malaki Branham,23.5,2023
Malcolm Brogdon,34.5,2021
Malcolm Cazalon,3.0,2024
Malcolm Delaney,18.8,2018
Malcolm Hill,15.3,2022
Malcolm Lee,18.1,2013
Malcolm Miller,8.4,2018
Malcolm Thomas,15.0,2014
Malevy Leons,3.5,2025
Malik Allen,29.0,2003
Malik Beasley,33.1,2020
Malik Fitts,5.0,2022
Malik Hairston,10.3,2009
Malik Monk,31.6,2025
Malik Newman,8.0,2022
Malik Rose,24.5,2003
Malik Sealy,29.2,2000
Malik Williams,15.3,2024
Mamadi Diakite,14.5,2022
Mamadou N'Diaye,16.5,2003
Mangok Mathiang,5.0,2018
Manny Harris,20.0,2014
Manu GinÃ³bili,31.1,2008
MarJon Beauchamp,13.5,2023
MarShon Brooks,29.4,2012
Marc Gasol,36.5,2012
Marc Jackson,29.4,2001
Marcelo Huertas,16.4,2016
Marcin Gortat,32.8,2014
Marco Belinelli,29.8,2012
Marcus Bagley,25.3,2025
Marcus Banks,30.7,2006
Marcus Brown,7.5,2000
Marcus Camby,34.9,2008
Marcus Cousin,4.5,2011
Marcus Derrickson,6.1,2019
Marcus Fizer,25.8,2002
Marcus Garrett,19.8,2025
Marcus Georges-Hunt,9.6,2017
Marcus Haislip,11.8,2005
Marcus Landry,6.4,2010
Marcus Morris,35.7,2016
Marcus Paige,5.6,2018
Marcus Sasser,19.0,2024
Marcus Smart,32.9,2021
Marcus Thornton,38.1,2011
Marcus Vinicius,7.9,2007
Marcus Williams,16.6,2007
Mardy Collins,20.9,2009
Marial Shayok,7.0,2020
Mario Bennett,3.0,2000
Mario Chalmers,32.0,2009
Mario Elie,28.1,2000
Mario Hezonja,22.1,2018
Mario Kasun,7.9,2005
Mario West,19.3,2011
Mark Blount,31.0,2007
Mark Bryant,22.8,2000
Mark Davis,20.2,2000
Mark Hendrickson,4.8,2000
Mark Jackson,33.4,2001
Mark Jones,11.6,2005
Mark Madsen,17.3,2004
Mark Pope,15.0,2001
Mark Strickland,22.4,2001
Mark West,5.8,2000
Mark Williams,26.7,2024
Markel Brown,16.6,2015
Markelle Fultz,29.6,2023
Markieff Morris,31.5,2015
Marko GuduriÄ,11.0,2020
Marko JariÄ,33.1,2005
Marko Simonovic,3.9,2022
Markquis Nowell,4.0,2024
Markus Howard,5.7,2022
Marques Bolden,13.1,2024
Marquese Chriss,21.3,2017
Marquis Daniels,31.5,2009
Marquis Teague,24.7,2018
Marreese Speights,22.4,2012
Marshall Plumlee,8.1,2017
Martell Webster,28.9,2013
Marty Conlon,3.0,2000
Martynas AndriuÅ¡keviÄius,1.5,2006
Marvin Bagley III,27.2,2022
Marvin Williams,34.6,2008
Mason Jones,12.8,2022
Mason Plumlee,28.5,2023
Matas Buzelis,18.9,2025
Mateen Cleaves,23.0,2004
Matisse Thybulle,27.7,2023
Matt Barnes,29.9,2015
Matt Bonner,23.8,2009
Matt Bullard,18.3,2000
Matt Carroll,26.1,2007
Matt Costello,8.0,2018
Matt Freije,19.2,2005
Matt Geiger,21.6,2000
Matt Harpring,36.6,2004
Matt Maloney,25.5,2001
Matt Mooney,4.8,2020
Matt Ryan,13.9,2024
Matt Thomas,11.5,2022
Matt Walsh,1.5,2006
Matt Williams,3.7,2018
Matthew Dellavedova,26.1,2017
Matthew Hurt,14.1,2024
Maurice Ager,7.3,2011
Maurice Baker,4.5,2005
Maurice Carter,12.5,2004
Maurice Evans,27.4,2011
Maurice Harkless,28.9,2017
Maurice Ndour,10.3,2017
Maurice Taylor,35.9,2000
Max Christie,30.4,2025
Max Strus,32.0,2024
Maxi Kleber,26.8,2021
Maxwell Lewis,14.2,2025
McKinley Wright IV,12.4,2023
Mehmet Okur,35.9,2006
Melvin Ely,23.6,2006
Melvin Frazier,40.0,2022
Melvin Sanders,7.1,2006
Mengke Bateer,15.1,2002
Metta World Peace,41.6,2005
Meyers Leonard,21.9,2016
Mfiondu Kabengele,11.6,2021
Micah Potter,18.6,2025
Michael Beasley,32.3,2011
Michael Bradley,19.6,2003
Michael Cage,12.1,2000
Michael Carter-Williams,34.5,2014
Michael Curry,23.3,2002
Michael Dickerson,37.8,2000
Michael Doleac,18.2,2001
Michael Finley,42.2,2000
Michael Foster Jr.,1.0,2023
Michael Frazier,11.2,2020
Michael Gbinije,3.6,2017
Michael Hawkins,7.6,2001
Michael Jordan,37.0,2003
Michael Kidd-Gilchrist,29.3,2016
Michael Olowokandi,38.0,2003
Michael Porter Jr.,33.7,2025
Michael Redd,39.1,2006
Michael Ruffin,19.5,2001
Michael Smith,24.9,2000
Michael Stewart,12.1,2005
MickaÃ«l Gelabale,17.9,2013
MickaÃ«l PiÃ©trus,26.9,2007
Mickell Gladness,12.4,2012
Mikal Bridges,37.0,2025
Mike Batiste,16.6,2003
Mike Bibby,38.9,2001
Mike Conley,35.5,2011
Mike Dunleavy,36.0,2008
Mike Hall,6.5,2007
Mike Harris,11.3,2014
Mike James,37.0,2006
Mike Miller,39.1,2007
Mike Muscala,22.1,2019
Mike Penberthy,16.1,2001
Mike Scott,24.0,2019
Mike Smith,10.6,2001
Mike Sweetney,19.6,2005
Mike Taylor,15.1,2009
Mike Tobey,12.5,2017
Mike Wilks,24.3,2003
Mikki Moore,29.1,2008
Mile IliÄ,1.2,2007
Miles Bridges,37.4,2024
Miles McBride,24.9,2025
Miles Norris,11.7,2025
Miles Plumlee,24.6,2014
MiloÅ¡ TeodosiÄ,25.2,2018
Milt Palacio,24.7,2003
Milton Doyle,12.5,2018
Mindaugas Kuzminskas,14.9,2017
Miroslav Raduljica,9.7,2014
Mirsad TÃ¼rkcan,6.5,2000
Mirza TeletoviÄ,22.3,2015
Mitch Creek,12.0,2019
Mitch McGary,15.2,2015
Mitch Richmond,32.9,2001
Mitchell Butler,13.5,2004
Mitchell Robinson,27.5,2021
Miye Oni,10.9,2020
Mo Bamba,25.7,2022
Mo Williams,36.5,2008
Monta Ellis,41.4,2010
Monte Morris,29.9,2022
Montrezl Harrell,27.8,2020
Monty Williams,20.0,2000
Moochie Norris,27.4,2002
Mookie Blaylock,34.1,2001
Moritz Wagner,26.0,2021
Morris Almond,16.8,2012
Morris Peterson,38.3,2006
Moses Brown,21.4,2021
Moses Moody,22.3,2025
Moses Wright,4.3,2022
Mouhamadou Gueye,10.9,2024
Mouhamed Gueye,16.2,2025
Mouhamed Sene,6.0,2007
Moussa DiabatÃ©,17.5,2025
Muggsy Bogues,21.6,2000
Mustafa Shakur,7.2,2011
Mychal Mulder,29.1,2020
Mychel Thompson,19.0,2012
Myke Henry,18.9,2018
Myles Powell,4.7,2022
Myles Turner,31.4,2017
MÃ£ozinha Pereira,17.4,2024
N'Faly Dante,12.8,2025
Nae'Qwan Tomlin,12.6,2025
Naji Marshall,27.8,2025
Nando De Colo,12.8,2013
Nassir Little,25.9,2022
Nate Darling,3.7,2021
Nate Hinton,5.0,2024
Nate Huffman,10.9,2003
Nate Robinson,29.9,2009
Nate Wolters,22.6,2014
Nathan Jawai,10.6,2010
Nathan Knight,8.5,2021
Nathan Mensah,12.3,2024
Naz Mitrou-Long,9.4,2020
Naz Reid,27.5,2025
Nazr Mohammed,28.1,2005
Ndudi Ebi,27.0,2005
Neemias Queta,13.9,2025
Nemanja Bjelica,27.9,2020
Nemanja NedoviÄ,5.9,2014
Nenad KrstiÄ,32.6,2007
NenÃª,33.6,2010
Nerlens Noel,30.8,2015
Nic Claxton,29.9,2023
Nick Anderson,29.1,2000
Nick Calathes,16.5,2014
Nick Collison,29.0,2007
Nick Fazekas,11.8,2008
Nick Johnson,9.4,2015
Nick Richards,26.3,2024
Nick Smith Jr.,22.8,2025
Nick Van Exel,38.6,2002
Nick Young,31.8,2011
Nickeil Alexander-Walker,26.3,2022
Nico Mannion,12.1,2021
Nicolas Batum,38.5,2013
NicolÃ¡s Brussino,9.6,2017
NicolÃ¡s LaprovÃ­ttola,9.7,2017
NicolÃ² Melli,17.4,2020
Nigel Hayes,21.0,2018
Nigel Williams-Goss,5.0,2020
Nik Stauskas,27.4,2017
Nikola JokiÄ,36.7,2025
Nikola JoviÄ,25.1,2025
Nikola MirotiÄ,29.1,2018
Nikola PekoviÄ,31.6,2013
Nikola VuÄeviÄ,34.3,2024
Nikoloz Tskitishvili,16.3,2003
Noah Clowney,22.7,2025
Noah Vonleh,25.3,2019
Noel Felix,6.8,2006
Nolan Smith,12.3,2012
Norm Richardson,7.9,2002
Norman Powell,34.4,2021
Norris Cole,26.6,2016
Norvel Pelle,9.7,2020
O.J. Mayo,38.0,2009
OG Anunoby,36.6,2025
Obi Toppin,21.1,2024
Obinna Ekezie,17.4,2005
Ochai Agbaji,27.2,2025
Ognjen KuzmiÄ,4.5,2015
Okaro White,13.5,2017
Olden Polynice,22.2,2000
Oleksiy Pecherov,10.2,2010
Oliver Lafayette,22.0,2010
Oliver Miller,21.3,2000
Olivier Sarr,19.1,2022
Olivier-Maxence Prosper,11.2,2025
Olumide Oyedeji,7.4,2001
Omar Cook,14.8,2005
Omari Johnson,18.8,2018
Omari Spellman,18.1,2020
Omer Yurtseven,12.6,2022
Omri Casspi,27.2,2016
Onuralp Bitim,11.7,2024
Onyeka Okongwu,27.9,2025
Orien Greene,15.4,2006
Orlando Johnson,23.5,2016
Orlando Robinson,20.4,2025
Oscar Tshiebwe,18.2,2025
Oshae Brissett,24.7,2021
Oso Ighodaro,17.1,2025
Othella Harrington,32.6,2000
Othello Hunter,5.8,2009
Othyus Jeffers,19.6,2011
Otis Thorpe,15.2,2000
Otto Porter Jr.,32.8,2019
Ousmane Dieng,14.6,2023
P.J. Brown,35.1,2001
P.J. Hairston,20.8,2016
P.J. Tucker,34.3,2020
P.J. Washington,32.6,2023
PJ Dozier,21.8,2021
PJ Hall,3.5,2025
Pablo Prigioni,19.4,2014
Pacome Dadiet,6.2,2025
Paolo Banchero,35.0,2024
Pape Sow,14.0,2006
Pape Sy,7.0,2011
Paris Bass,3.5,2022
Pascal Siakam,37.9,2022
Pat Burke,12.6,2003
Pat Connaughton,26.0,2022
Pat Garrity,31.9,2003
Pat Spencer,6.4,2025
Patricio Garino,8.6,2017
Patrick Baldwin Jr.,13.0,2024
Patrick Beverley,31.3,2014
Patrick Christopher,7.3,2015
Patrick Ewing,32.8,2000
Patrick McCaw,24.5,2020
Patrick O'Bryant,11.3,2009
Patrick Patterson,26.6,2015
Patrick Williams,28.3,2023
Patty Mills,29.0,2022
Pau Gasol,39.2,2006
Paul Davis,11.9,2009
Paul George,37.6,2013
Paul Grant,9.8,2004
Paul McPherson,13.0,2001
Paul Millsap,34.3,2011
Paul Pierce,40.3,2002
Paul Reed,19.4,2024
Paul Shirley,12.3,2004
Paul Watson,17.3,2022
Paul Zipser,19.2,2017
Pavel Podkolzin,18.0,2006
Payton Pritchard,28.4,2025
Peja StojakoviÄ,40.3,2004
Pelle Larsson,14.2,2025
Pepe SÃ¡nchez,6.8,2001
Pero AntiÄ,18.5,2014
Perry Jones,14.7,2015
Pervis Ellison,9.0,2000
Pete Chilcutt,14.5,2000
Pete Nance,11.7,2025
Peter John Ramos,3.3,2005
Petr Cornelie,2.9,2022
Peyton Siva,9.3,2014
Peyton Watson,24.4,2025
Phil Pressey,15.1,2014
Phillip Wheeler,8.8,2025
Pierre Jackson,10.5,2017
Popeye Jones,24.3,2002
Pops Mensah-Bonsu,13.8,2009
Precious Achiuwa,24.2,2024
Predrag Drobnjak,24.2,2003
Predrag SavoviÄ,9.5,2003
PrimoÅ¾ Brezec,31.6,2005
Quentin Grimes,33.7,2025
Quentin Richardson,36.0,2004
Quenton Jackson,15.0,2023
Quincy Acy,19.4,2018
Quincy Douby,11.8,2008
Quincy Lewis,13.6,2002
Quincy Miller,15.2,2014
Quincy Olivari,5.0,2025
Quincy Pondexter,27.8,2015
Quinn Cook,22.4,2018
Quinndary Weatherspoon,7.1,2020
Quinten Post,16.3,2025
Quinton Ross,22.6,2006
Qyntel Woods,20.7,2006
R.J. Hampton,25.2,2021
R.J. Hunter,26.0,2019
RJ Barrett,34.9,2021
RJ Nembhard Jr.,4.5,2022
Raef LaFrentz,32.7,2002
Rafael AraÃºjo,12.5,2005
Rafer Alston,38.6,2006
RaiQuan Gray,35.0,2023
Raja Bell,37.5,2006
Rajon Rondo,37.4,2013
Rakeem Christmas,7.6,2017
Ramon Sessions,32.5,2014
Randell Jackson,1.0,2000
Randolph Morris,10.1,2008
Randy Brown,27.5,2000
Randy Foye,35.6,2009
Randy Holcomb,2.8,2006
Randy Livingston,13.7,2000
Rashad McCants,26.9,2008
Rashad Vaughn,14.3,2016
Rashard Lewis,39.5,2003
Rasheed Wallace,42.0,2004
Rasho NesteroviÄ,30.4,2003
Rasual Butler,33.0,2010
Ratko Varda,6.0,2002
Raul Neto,21.9,2021
Rawle Alkins,12.0,2019
Rawle Marshall,10.5,2006
Ray Allen,41.3,2003
Ray McCallum,21.9,2016
Ray Spalding,11.3,2019
RayJ Dennis,6.4,2025
Rayan Rupert,16.2,2024
Rayjon Tucker,21.0,2022
Raymond Felton,38.4,2011
RaÃ¼l LÃ³pez,19.7,2004
Reece Beekman,13.7,2025
Reece Gaines,10.8,2005
Reed Sheppard,12.6,2025
Reggie Bullock,30.8,2019
Reggie Evans,26.6,2011
Reggie Hearn,2.3,2018
Reggie Jackson,32.2,2015
Reggie Jordan,6.8,2000
Reggie Miller,39.3,2001
Reggie Perry,19.7,2022
Reggie Slater,12.5,2001
Reggie Williams,32.6,2010
Renaldo Balkman,15.6,2007
Renaldo Major,27.0,2007
Rex Chapman,18.1,2000
Rex Walters,11.8,2000
Richard Hamilton,38.5,2005
Richard Jefferson,41.1,2005
Richaun Holmes,29.2,2021
Richie Frahm,16.3,2008
Rick Brunson,24.3,2005
Rick Fox,28.7,2003
Rick Hughes,10.7,2000
Ricky Council IV,17.1,2025
Ricky Davis,41.6,2006
Ricky Ledo,19.4,2015
Ricky Rubio,34.2,2012
Rik Smits,23.4,2000
Riley Minix,7.0,2025
Rob Dillingham,10.5,2025
Rob Edwards,5.5,2022
Rob Kurz,11.1,2009
Robbie Hummel,16.5,2015
Robert Archibald,8.2,2004
Robert Covington,34.7,2019
Robert Franks,14.4,2021
Robert Hite,11.3,2007
Robert Horry,29.3,2003
Robert Pack,22.9,2000
Robert Sacre,16.9,2015
Robert Swift,21.0,2006
Robert Traylor,17.9,2005
Robert Whaley,9.2,2006
Robert Williams,29.6,2022
Robert Woodard II,3.5,2021
Robin Lopez,31.7,2014
Rod Strickland,31.7,2000
Rodions Kurucs,20.5,2019
Rodney Buford,28.1,2002
Rodney Carney,17.9,2009
Rodney Hood,32.2,2016
Rodney McGruder,25.2,2017
Rodney Purvis,18.1,2018
Rodney Rogers,29.4,2005
Rodney Stuckey,34.2,2010
Rodney White,21.7,2003
Rodrick Rhodes,8.0,2000
Rodrigue Beaubois,21.7,2012
Roger Mason,30.4,2009
Roger Powell,4.3,2007
Roko UkiÄ,12.4,2009
Romeo Langford,19.6,2023
Ron Baker,16.5,2017
Ron Harper,25.5,2000
Ron Harper Jr.,17.0,2025
Ron Holland,15.6,2025
Ron Mercer,41.6,2001
Ronald Dupree,19.0,2004
Ronald Murray,36.7,2006
Rondae Hollis-Jefferson,28.2,2018
Ronnie Brewer,32.2,2009
Ronnie Price,22.8,2015
Ronny Turiaf,21.5,2009
Roshown McLeod,26.7,2001
Roy Hibbert,29.8,2012
Roy Rogers,8.9,2000
Royal Ivey,19.2,2008
Royce O'Neale,31.7,2023
Royce White,3.0,2014
Ruben Boumtje-Boumtje,7.4,2002
Ruben Patterson,31.0,2007
RubÃ©n GarcÃ©s,6.2,2001
RubÃ©n Wolkowyski,9.0,2001
Rudy FernÃ¡ndez,25.6,2009
Rudy Gay,39.9,2011
Rudy Gobert,34.3,2020
Rui Hachimura,31.7,2025
Russ Smith,6.0,2015
Russell Westbrook,36.4,2018
Rusty LaRue,32.3,2000
Ryan Anderson,36.1,2014
Ryan Arcidiacono,24.2,2019
Ryan Bowen,22.5,2002
Ryan Broekhoff,10.8,2019
Ryan Dunn,19.1,2025
Ryan Gomes,31.9,2009
Ryan Hollins,16.9,2011
Ryan Humphrey,9.4,2003
Ryan Kelly,23.7,2015
Ryan Reid,3.4,2012
Ryan Robertson,25.0,2000
Ryan Rollins,14.6,2025
Ryan Stack,7.9,2000
Saben Lee,16.3,2021
Saddiq Bey,33.0,2022
Salah Mejri,12.4,2017
Salim Stoudamire,20.3,2006
Sam Cassell,35.8,2000
Sam Dekker,18.8,2019
Sam Hauser,22.0,2024
Sam Jacobson,13.5,2000
Sam Mack,14.5,2000
Sam Merrill,19.7,2025
Sam Mitchell,18.6,2000
Sam Perkins,20.0,2000
Sam Young,20.2,2011
Samaki Walker,24.0,2002
Samardo Samuels,18.9,2011
Samuel Dalembert,33.2,2008
Sandro Mamukelashvili,23.3,2023
Santi Aldama,26.5,2024
Sasha Kaun,3.8,2016
Sasha PavloviÄ,23.3,2008
Sasha Vezenkov,12.2,2024
Sasha VujaÄiÄ,28.5,2011
Scoot Henderson,28.5,2024
Scot Pollard,23.5,2002
Scott Burrell,18.1,2000
Scott Machado,4.8,2019
Scott Padgett,17.3,2002
Scott Williams,21.9,2000
Scottie Barnes,35.4,2022
Scottie Lewis,3.5,2022
Scottie Pippen,33.5,2000
Scotty Hopson,18.0,2022
Scotty Pippen Jr.,25.1,2024
Sean Colson,4.7,2001
Sean Elliott,23.6,2001
Sean Kilpatrick,25.1,2017
Sean Lampley,13.9,2003
Sean Marks,15.2,2002
Sean May,23.9,2007
Sean McDermott,8.8,2021
Sean Rooks,19.2,2003
Sean Singletary,9.4,2009
Sean Williams,17.5,2008
Sebastian Telfair,32.2,2008
Sekou Doumbouya,19.8,2020
Semaj Christon,15.2,2017
Semi Ojeleye,17.0,2021
Semih Erden,16.0,2011
Serge Ibaka,33.1,2015
Sergei Monia,14.6,2006
Sergey Karasev,16.8,2015
Sergio RodrÃ­guez,22.3,2017
Seth Curry,34.8,2022
Seth Lundy,5.8,2024
Shabazz Muhammad,22.8,2015
Shabazz Napier,24.4,2020
Shaedon Sharpe,33.1,2024
Shai Gilgeous-Alexander,35.5,2023
Shake Milton,23.2,2021
Shammond Williams,26.4,2003
Shamorie Ponds,2.8,2020
Shandon Anderson,32.9,2000
Shane Battier,39.7,2002
Shane Edwards,6.0,2014
Shane Heal,12.0,2004
Shane Larkin,24.5,2015
Shannon Brown,23.8,2013
Shaq Buchanan,5.0,2022
Shaquille Harrison,24.0,2023
Shaquille O'Neal,40.0,2000
Shareef Abdur-Rahim,40.0,2001
Sharife Cooper,3.0,2022
Sharrod Ford,4.3,2006
Shaun Livingston,29.8,2007
Shavlik Randolph,15.7,2010
Shawn Bradley,24.7,2000
Shawn Kemp,30.4,2000
Shawn Long,13.0,2017
Shawn Marion,41.6,2003
Shawne Williams,21.0,2015
Shawnelle Scott,12.0,2002
Shayne Whittington,5.9,2016
Shelden Williams,22.0,2012
Sheldon Mac,9.6,2017
Shelvin Mack,31.4,2016
Sherman Douglas,18.5,2001
Sherron Collins,3.3,2011
Sidy Cissoko,12.0,2025
Sim Bhullar,1.0,2015
Simone Fontecchio,30.3,2024
Sindarius Thornwell,20.6,2021
Skal LabissiÃ¨re,20.7,2018
Skylar Mays,31.5,2023
Slavko VraneÅ¡,3.0,2004
Smush Parker,33.8,2006
Solomon Alabi,8.7,2012
Solomon Hill,29.7,2017
Solomon Jones,17.8,2012
Sonny Weems,23.9,2011
Soumaila Samake,6.6,2001
Speedy Claxton,32.6,2005
Spencer Dinwiddie,35.3,2023
Spencer Hawes,31.4,2014
Spencer Jones,6.3,2025
Stacey Augmon,20.5,2004
Stanislav Medvedenko,21.2,2004
Stanley Johnson,27.4,2018
Stanley Roberts,10.2,2000
Stanley Umude,12.8,2024
Stanton Kidd,3.8,2020
Stephen Curry,38.2,2013
Stephen Graham,16.3,2011
Stephen Jackson,39.6,2009
Stephen Zimmerman,5.7,2017
Stephon Castle,26.7,2025
Stephon Marbury,41.6,2004
Sterling Brown,24.1,2021
Steve Blake,33.5,2007
Steve Francis,41.1,2002
Steve Goodrich,11.1,2001
Steve Kerr,12.7,2003
Steve Nash,35.4,2006
Steve Novak,20.3,2013
Steve Smith,32.8,2000
Steven Adams,33.4,2019
Steven Hill,2.0,2009
Steven Hunter,22.9,2007
Steven Smith,3.5,2007
Stromile Swift,26.5,2002
StÃ©phane Lasme,20.2,2008
Sun Yue,2.8,2009
Sundiata Gaines,15.0,2011
Svi Mykhailiuk,23.0,2021
T.J. Ford,35.5,2006
T.J. Leaf,9.0,2019
T.J. McConnell,26.3,2017
T.J. Warren,33.0,2018
Tacko Fall,7.2,2021
Tahjere McCall,8.0,2019
Taj Gibson,33.2,2018
Talen Horton-Tucker,25.2,2022
Tamar Slay,9.8,2005
Tang Hamilton,10.9,2002
Tarence Kinsey,20.1,2007
Tari Eason,24.9,2025
Tarik Black,21.1,2015
Tariq Abdul-Wahad,26.2,2000
Tariq Owens,5.0,2020
Taurean Green,5.5,2008
Taurean Prince,30.0,2018
Taylor Griffin,4.0,2010
Taylor Hendricks,25.0,2025
Tayshaun Prince,37.3,2009
Taze Moore,10.0,2024
Terance Mann,28.6,2022
Terence Davis,21.5,2021
Terence Morris,16.3,2002
Terquavion Smith,5.3,2024
Terrance Ferguson,26.1,2019
Terrance Roberson,4.3,2001
Terrel Harris,14.5,2012
Terrell Brandon,36.4,2000
Terrence Jones,27.3,2014
Terrence Ross,31.2,2017
Terrence Shannon Jr.,10.6,2025
Terrence Williams,22.6,2010
Terry Cummings,18.1,2000
Terry Davis,12.0,2001
Terry Mills,22.5,2000
Terry Porter,23.7,2000
Terry Rozier,35.5,2024
Terry Taylor,21.6,2022
Thabo Sefolosha,31.2,2009
Thaddeus Young,34.6,2013
Thanasis Antetokounmpo,9.9,2022
Theo Pinson,11.7,2019
Theo Ratliff,36.0,2001
Theron Smith,15.5,2005
Thomas Bryant,27.1,2021
Thomas Gardner,11.3,2008
Thomas Hamilton,12.4,2000
Thomas Robinson,18.5,2015
Thomas Welsh,3.3,2019
Thon Maker,19.4,2019
ThÃ©o Maledon,27.4,2021
Tiago Splitter,24.7,2013
Tibor PleiÃ,6.8,2016
Tidjane SalaÃ¼n,20.7,2025
Tierre Brown,14.0,2005
Tim Duncan,40.6,2002
Tim Frazier,29.3,2016
Tim Hardaway,33.9,2001
Tim Hardaway Jr.,33.1,2018
Tim James,6.6,2001
Tim Legler,12.3,2000
Tim Ohlbrecht,4.0,2013
Tim Quarterman,5.0,2017
Tim Thomas,32.0,2004
Tim Young,5.5,2000
Timmy Allen,25.0,2024
Timofey Mozgov,25.6,2015
TimothÃ© Luwawu-Cabarrot,18.8,2019
Tito Maddox,3.9,2003
Tobias Harris,36.1,2013
Toby Bailey,9.8,2000
Todd Day,16.2,2000
Todd Fuller,9.7,2000
Todd MacCulloch,24.2,2002
Tolu Smith,22.0,2025
Tom Gugliotta,32.7,2000
Tom Hammonds,6.6,2000
TomÃ¡Å¡ SatoranskÃ½,28.9,2020
Toney Douglas,24.3,2011
Toni KukoÄ,36.4,2001
Tony Allen,27.0,2017
Tony Battie,27.0,2006
Tony Bobbitt,6.0,2005
Tony Bradley,18.0,2021
Tony Delk,28.0,2003
Tony Farmer,16.2,2000
Tony Massenburg,17.1,2002
Tony Mitchell,3.8,2014
Tony Parker,34.4,2004
Tony Smith,13.0,2001
Tony Snell,29.2,2017
Tony Wroten,29.8,2015
Tornike Shengelia,8.1,2014
Torraye Braggs,12.0,2004
Torrey Craig,24.7,2023
Tosan Evbuomwan,23.8,2025
Toumani Camara,32.7,2025
Toure' Murry,7.3,2014
Tracy McGrady,40.8,2005
Tracy Murray,22.9,2000
Trae Young,36.0,2024
Trajan Langdon,17.2,2001
Travis Best,31.9,2001
Travis Diener,20.5,2008
Travis Hansen,12.4,2004
Travis Knight,9.0,2003
Travis Leslie,4.5,2012
Travis Outlaw,28.8,2011
Travis Wear,13.4,2018
Trayce Jackson-Davis,16.6,2024
Trayvon Palmer,17.0,2022
Tre Jones,29.2,2023
Tre Mann,31.0,2024
Tre Scott,5.5,2022
Tremaine Fowlkes,15.6,2002
Tremont Waters,21.0,2022
Trendon Watford,20.8,2025
Trent Forrest,12.8,2022
Trenton Hassell,32.6,2006
Trentyn Flowers,4.5,2025
Trevelin Queen,13.9,2025
Treveon Graham,20.4,2019
Trevon Duval,2.0,2019
Trevor Ariza,36.5,2010
Trevor Booker,25.2,2012
Trevor Hudgins,5.6,2023
Trevor Keels,2.7,2023
Trey Alexander,4.9,2025
Trey Burke,32.3,2014
Trey Gilder,2.5,2010
Trey Jemison,24.9,2024
Trey Johnson,13.0,2011
Trey Lyles,22.8,2022
Trey McKinney-Jones,1.0,2018
Trey Murphy III,35.0,2025
Trey Thompkins,5.0,2012
Tristan Da Silva,22.0,2025
Tristan Thompson,31.6,2014
Tristan Vukcevic,15.3,2024
Tristen Newton,2.7,2025
Troy Bell,5.7,2004
Troy Brown Jr.,25.8,2020
Troy Caupain,4.0,2019
Troy Daniels,20.5,2018
Troy Hudson,32.9,2003
Troy Murphy,34.0,2006
Troy Williams,23.2,2017
Ty Jerome,23.9,2021
Ty Lawson,35.8,2014
Ty-Shon Alexander,3.1,2021
TyTy Washington Jr.,14.0,2023
Tyler Bey,3.9,2021
Tyler Cavanaugh,13.3,2018
Tyler Cook,15.0,2021
Tyler Davis,1.0,2019
Tyler Dorsey,21.3,2019
Tyler Ennis,17.8,2017
Tyler Hall,2.0,2022
Tyler Hansbrough,21.9,2011
Tyler Herro,35.4,2025
Tyler Honeycutt,5.9,2012
Tyler Johnson,31.2,2019
Tyler Kolek,7.2,2025
Tyler Lydon,3.8,2019
Tyler Smith,5.3,2025
Tyler Ulis,23.4,2018
Tyler Zeller,26.4,2013
Tyreke Evans,37.2,2010
Tyrell Terry,5.1,2021
Tyrese Haliburton,36.1,2022
Tyrese Martin,21.9,2025
Tyrese Maxey,37.7,2025
Tyrone Corbin,17.4,2000
Tyrone Hill,31.7,2000
Tyrone Nesby,31.7,2000
Tyrone Wallace,28.4,2018
Tyronn Lue,31.2,2005
Tyrus Thomas,27.5,2009
Tyshawn Taylor,11.7,2014
Tyson Chandler,35.2,2008
Tyson Etienne,21.6,2025
Tyus Edney,11.0,2001
Tyus Jones,29.3,2024
Udoka Azubuike,11.5,2022
Udonis Haslem,36.8,2008
Ulrich Chomche,4.6,2025
UroÅ¡ Slokar,3.6,2007
Usman Garuba,12.9,2023
Vander Blue,37.0,2015
Vasilije MiciÄ,27.2,2024
Vassilis Spanoulis,8.8,2007
Vernon Carey Jr.,9.0,2022
Vernon Macklin,5.9,2012
Vernon Maxwell,21.0,2000
Viacheslav Kravtsov,9.0,2013
Vic Law,7.8,2020
Victor Alexander,6.5,2002
Victor Claver,16.6,2013
Victor Oladipo,35.7,2015
Victor Wembanyama,33.2,2025
Viktor Khryapa,21.6,2006
Vin Baker,36.1,2000
Vince Carter,39.8,2002
Vince Edwards,8.0,2019
Vince Hunter,1.8,2018
Vince Williams Jr.,27.6,2024
Vincent Poirier,5.9,2020
Vincent Yarbrough,23.4,2003
Vinny Del Negro,18.1,2000
Vit Krejci,24.6,2024
Vitaly Potapenko,23.2,2001
Vlade Divac,30.3,2002
Vladimir RadmanoviÄ,30.1,2004
Vladimir Stepania,20.2,2003
Vlatko ÄanÄar,14.8,2023
Von Wafer,19.4,2009
Vonteego Cummings,23.9,2000
Voshon Lenard,30.6,2003
VÃ­tor Luiz Faverani,13.2,2014
Wade Baldwin,12.3,2017
Walker Kessler,30.0,2025
Walker Russell,12.8,2012
Wally Szczerbiak,38.9,2006
Walt Lemon Jr.,27.8,2019
Walt Williams,24.5,2000
Walter Herrmann,19.5,2007
Walter McCarty,24.7,2004
Walter Sharpe,2.5,2009
Wang Zhizhi,10.9,2002
Wayne Ellington,27.3,2019
Wayne Selden,22.9,2019
Wayne Simien,11.6,2007
Wayne Turner,13.7,2000
Wendell Carter Jr.,29.9,2022
Wendell Moore Jr.,17.5,2025
Wenyen Gabriel,16.4,2022
Wes Iwundu,27.3,2022
Wesley Johnson,29.5,2015
Wesley Matthews,34.8,2013
Wesley Person,35.8,2002
Will Barton,33.1,2018
Will Blalock,11.9,2007
Will Bynum,26.5,2010
Will Cherry,8.6,2015
Will Conroy,8.8,2007
Will Magnay,3.0,2021
Will Perdue,15.1,2000
Will Solomon,14.1,2002
William Avery,9.2,2002
William Howard,6.5,2020
Willie Cauley-Stein,28.0,2018
Willie Green,26.6,2008
Willie Reed,14.5,2017
Willie Warren,7.1,2011
Willy HernangÃ³mez,18.4,2017
Wilson Chandler,35.7,2010
Xavier Cooks,12.6,2023
Xavier Henry,21.1,2014
Xavier Moon,13.7,2022
Xavier Munford,17.4,2016
Xavier Rathan-Mayes,23.6,2018
Xavier Silas,19.5,2012
Xavier Sneed,12.0,2023
Xavier Tillman Sr.,20.6,2024
Yakhouba Diawara,18.4,2007
Yante Maten,6.5,2019
Yao Ming,37.2,2008
Yaroslav Korolev,5.3,2006
Yi Jianlian,31.8,2010
Yogi Ferrell,29.1,2017
Yuki Kawamura,4.2,2025
Yuri Collins,8.0,2025
Yuta Tabuse,4.3,2005
Yuta Watanabe,16.4,2024
Yves Missi,26.8,2025
Yves Pons,5.9,2022
Zabian Dowdell,12.2,2011
Zaccharie Risacher,24.6,2025
Zach Collins,26.4,2020
Zach Edey,21.5,2025
Zach LaVine,37.2,2017
Zach Lofton,4.0,2019
Zach Norvell,12.0,2020
Zach Randolph,37.9,2004
Zavier Simpson,43.5,2022
Zaza Pachulia,31.4,2006
Zeke Nnaji,17.0,2022
Zendon Hamilton,15.7,2002
Zhaire Smith,18.5,2019
Zhou Qi,6.9,2018
Ziaire Williams,24.5,2025
Zion Williamson,33.2,2021
Zoran DragiÄ,6.2,2015
Zoran PlaniniÄ,12.0,2005
Zydrunas Ilgauskas,33.5,2005
Zylan Cheatham,12.8,2020
Zyon Pullin,1.0,2025
Ãlex Abrines,19.0,2019
Ãngel Delgado,7.5,2019
Ãscar Torres,16.5,2002
Ãmer AÅÄ±k,30.0,2013
Å arÅ«nas JasikeviÄius,20.8,2006
Å½an Tabak,14.1,2001
Å½arko Äabarkapa,12.5,2005
Å½eljko RebraÄa,17.0,2004
